url,marque,nom,prix,carburant,km,annee
details-bmw+m5+50d+xdrive+f10+381cv+grise+berline+et+sportive+de+2013+a+loire+sur+rhone+pres+de+vienne+dans+le+rhone+alpes-272.html,BMW,BMW M5 50D XDRIVE F10 381Cv GRISE BERLINE Et SPORTIVE de 2013,21 999 €,Diesel,226192 km,30/09/2013
details-fiat+500x+my21+1+6+multijet+130+ch+sport+a+loire+sur+rhone+pres+de+vienne+dans+le+rhone+alpes-175.html,FIAT,Fiat 500X MY21 1.6 MULTIJET 130 CH SPORT,25 499 €,Diesel,60 km,27/08/2021
details-bmw+530d+xdrive+f11+258cv+grise+break+et+familiale+de+2011+a+loire+sur+rhone+pres+de+vienne+dans+le+rhone+alpes-268.html,BMW,BMW 530D XDRIVE F11 258Cv GRISE BREAK Et FAMILIALE de 2011,16 499 €,Diesel,187649 km,28/092011
details-audi+q3+35+tdi+150+ch+s+tronic+7+quattro+s+line+a+loire+sur+rhone+pres+de+vienne+dans+le+rhone+alpes-174.html,AUDI,Audi Q3 35 TDI 150 ch S tronic 7 Quattro S line,51 499 €,Diesel,10 km,17/11/2021
details-bmw+x3+xdrive+f25+184cv+gris+suv+et+familiale+de+2012+a+loire+sur+rhone+pres+de+vienne+dans+le+rhone+alpes-258.html,BMW,BMW X3 XDRIVE F25 184Cv GRIS SUV ET FAMILIALE de 2012,16 499 €,Diesel,123286 km,02/03/2012
details-renault+clio+v+tce+90+x-tronic+-+21n+intens+a+loire+sur+rhone+pres+de+vienne+dans+le+rhone+alpes-171.html,RENAULT,Renault CLIO V TCE 90 X-TRONIC - 21N INTENS,20 499 €,Essence,11 km,16/12/2021
details-mercedes+slk+350+v6+272cv+grise+cabriolet+et+sportive+de+2004+a+loire+sur+rhone+pres+de+vienne+dans+le+rhone+alpes-267.html,MERCEDES,MERCEDES SLK 350 V6 272Cv GRISE CABRIOLET Et SPORTIVE de 2004,16 499 €,Essence,67988 km,29/12/2004
details-volkswagen+t-roc+2+0+tdi+150+start+stop+dsg7+carat+a+loire+sur+rhone+pres+de+vienne+dans+le+rhone+alpes-173.html,VOLKSWAGEN,Volkswagen T-roc 2.0 TDI 150 Start/Stop DSG7 Carat,35 499 €,Diesel,19 km,04/11/2021
details-bmw+320i+e92+coupe+lci+phase+ii+170cv+grise+coupe+et+sportive+de+2010+a+loire+sur+rhone+pres+de+vienne+dans+le+rhone+alpes-240.html,BMW,BMW 320i E92 Coupé LCI Phase II 170Cv GRISE COUPÉ ET SPORTIVE de 2010,12 499 €,Essence,145442 km,18/05/2010
details-renault+clio+v+tce+130+edc+fap+intens+a+loire+sur+rhone+pres+de+vienne+dans+le+rhone+alpes-169.html,RENAULT,Renault CLIO V TCE 130 EDC FAP INTENS,21 499 €,Essence,25 km,08/07/2020
details-bmw+x5+e70+235cv+bleu+suv+et+familiale+de+2008+a+loire+sur+rhone+pres+de+vienne+dans+le+rhone+alpes-263.html,BMW,BMW X5 E70 235Cv BLEU SUV ET FAMILIALE de 2008,11 999 €,Diesel,194414 km,29/07/2008
details-volkswagen+passat+2+0+tdi+evo+scr+150+dsg7+elegance+a+loire+sur+rhone+pres+de+vienne+dans+le+rhone+alpes-172.html,VOLKSWAGEN,Volkswagen Passat 2.0 TDI EVO SCR 150 DSG7 Elegance,41 499 €,Diesel,13 km,09/06/2021
details-bmw+528i+f10+258cv+grise+berline+et+familiale+de+2010+a+loire+sur+rhone+pres+de+vienne+dans+le+rhone+alpes-249.html,BMW,BMW 528i F10 258Cv GRISE BERLINE Et FAMILIALE de 2010,12 499 €,Essence,206770 km,28/07/2010
details-renault+clio+v+e-tech+140+zen+a+loire+sur+rhone+pres+de+vienne+dans+le+rhone+alpes-168.html,RENAULT,Renault CLIO V E-TECH 140 ZEN,20 999 €,Essence/Hybrid,22 km,04/10/2021
details-bmw+325i+e90+lci+phase+ii+218cv+grise+berline+et+sportive+de+2010+a+loire+sur+rhone+pres+de+vienne+dans+le+rhone+alpes-254.html,BMW,BMW 325i E90 LCI Phase II 218CV GRISE BERLINE ET SPORTIVE de 2010,14 499 €,Essence,112504 km,28/01/2010
details-peugeot+108+vti+72ch+s+s+bvm5+allure+a+loire+sur+rhone+pres+de+vienne+dans+le+rhone+alpes-165.html,PEUGEOT,Peugeot 108 VTi 72ch S&S BVM5 Allure,13 499 €,Essence,112 km,04/03/2021
details-bmw+520d+f11+184cv+grise+break+et+familiale+de+2012+a+loire+sur+rhone+pres+de+vienne+dans+le+rhone+alpes-238.html,BMW,BMW 520D F11 184Cv GRISE BREAK Et FAMILIALE de 2012,13 999 €,Diesel,172534 km,26/11/2012
details-renault+captur+nouveau+tce+100+intens+a+loire+sur+rhone+pres+de+vienne+dans+le+rhone+alpes-166.html,RENAULT,Renault CAPTUR NOUVEAU TCE 100 INTENS,21 499 €,Essence,146 km,29/01/2021
details-audi+tt+cabriolet+2+0l+tfsi+200cv+noir+cabriolet+coupe+et+sportive+de+2007+a+loire+sur+rhone+pres+de+vienne+dans+le+rhone+alpes-236.html,AUDI,AUDI TT CABRIOLET 2.0L TFSI 200CV NOIR CABRIOLET COUPÉ ET SPORTIVE de 2007,12 999 €,Essence,142058 km,08/10/2007
details-peugeot+308+bluehdi+130ch+s+s+eat8+gt+pack+a+loire+sur+rhone+pres+de+vienne+dans+le+rhone+alpes-164.html,PEUGEOT,Peugeot 308 BlueHDi 130ch S&S EAT8 GT Pack,29 999 €,Diesel,5 km,26/04/2021
details-peugeot+2008+nouveau+electrique+136+ch+allure+pack+a+loire+sur+rhone+pres+de+vienne+dans+le+rhone+alpes-163.html,PEUGEOT,Peugeot 2008 NOUVEAU ELECTRIQUE 136 CH ALLURE PACK,33 499 €,ÉLECTRIQUE,9 km,30/09/2021
details-bmw+340i+f31+pack+m+sport+326cv+de+2017+grise+break+sportif+et+familiale+a+loire+sur+rhone+pres+de+vienne+dans+le+rhone+alpes-234.html,BMW,BMW 340i F31 PACK M SPORT 326Cv de 2017 GRISE BREAK SPORTIF ET FAMILIALE,33 999 €,Essence,53472 km,19/04/2017
details-peugeot+2008+nouveau+electrique+136+ch+gt+pack+a+loire+sur+rhone+pres+de+vienne+dans+le+rhone+alpes-162.html,PEUGEOT,Peugeot 2008 NOUVEAU ELECTRIQUE 136 CH GT PACK,34 499 €,ÉLECTRIQUE,8 km,29/10/2021
details-bmw+z4+e89+28i+sdrive+245cv+bleu+roadster+cabriolet+et+sportive+de+2012+a+loire+sur+rhone+pres+de+vienne+dans+le+rhone+alpes-265.html,BMW,BMW Z4 E89 28i SDRIVE 245CV BLEU ROADSTER CABRIOLET ET SPORTIVE de 2012,26 999 €,Essence,52132 km,24/05/2012
details-peugeot+508+nouvelle+bluehdi+130+ch+s+s+eat8+allure+pack+a+loire+sur+rhone+pres+de+vienne+dans+le+rhone+alpes-158.html,PEUGEOT,Peugeot 508 NOUVELLE BLUEHDI 130 CH S&S EAT8 ALLURE PACK,34 299 €,Diesel,25 km,27/09/2021
details-mercedes+ml+280+cdi+190cv+noir+suv+et+familiale+de+2005+a+loire+sur+rhone+pres+de+vienne+dans+le+rhone+alpes-269.html,MERCEDES,MERCEDES ML 280 CDI 190Cv NOIR SUV ET FAMILIALE de 2005,9 499 €,Diesel,145309 km,28/11/2005
details-kia+ceed+1+5+t-gdi+160+ch+isg+bvm6+active+a+loire+sur+rhone+pres+de+vienne+dans+le+rhone+alpes-139.html,KIA,Kia CEED 1.5 T-GDi 160 ch ISG BVM6 Active,24 399 €,Essence,5 km,29/11/2021
details-bmw+330e+f30+pack+m+sport+252cv+de+2016+blanche+berline+et+familiale+a+loire+sur+rhone+pres+de+vienne+dans+le+rhone+alpes-270.html,BMW,BMW 330E F30 Pack M Sport 252Cv de 2016 BLANCHE BERLINE ET FAMILIALE,29 999 €,HYBRIDE,50392 km,02/06/2016
details-peugeot+508+sw+nouvelle+hybrid+225+e-eat8+gt+pack+a+loire+sur+rhone+pres+de+vienne+dans+le+rhone+alpes-157.html,PEUGEOT,Peugeot 508 SW NOUVELLE HYBRID 225 E-EAT8 GT PACK,43 299 €,Essence/Hybrid,23 km,20/09/2021
details-bmw+530d+e60+lci+phase+ii+235cv+bleu+berline+et+familiale+de+2008+a+loire+sur+rhone+pres+de+vienne+dans+le+rhone+alpes-252.html,BMW,BMW 530D E60 LCI PHASE II 235Cv BLEU BERLINE ET FAMILIALE de 2008,10 499 €,Diesel,185694 km,04/06/2008
details-mercedes-benz+classe+c+300+9g-tronic+amg+line+a+loire+sur+rhone+pres+de+vienne+dans+le+rhone+alpes-147.html,MERCEDES,Mercedes-Benz CLASSE C 300 9G-Tronic AMG Line,47 299 €,Diesel/Électrique,49 km,06/01/2020
details-bmw+525d+e60+177cv+bleu+berline+et+familiale+de+2005+a+loire+sur+rhone+pres+de+vienne+dans+le+rhone+alpes-264.html,BMW,BMW 525D E60 177CV BLEU BERLINE ET FAMILIALE de 2005,9 999 €,Diesel,107157 km,21/02/2005
details-peugeot+508+sw+nouvelle+bluehdi+130+ch+s+s+eat8+gt+a+loire+sur+rhone+pres+de+vienne+dans+le+rhone+alpes-156.html,PEUGEOT,Peugeot 508 SW NOUVELLE BLUEHDI 130 CH S&S EAT8 GT,34 299 €,Diesel,17 km,30/07/2021
details-bmw+435i+f32+pack+sport+306cv+bi+turbo+noir+coupe+gt+et+sportive+de+2014+a+loire+sur+rhone+pres+de+vienne+dans+le+rhone+alpes-222.html,BMW,BMW 435i F32 Pack SPORT 306CV Bi Turbo NOIR COUPÉ GT ET SPORTIVE de 2014,28 999 €,Essence,58558 km,10/03/2014
details-ford+kuga+2+5+duratec+225+ch+phev+e-cvt+titanium+a+loire+sur+rhone+pres+de+vienne+dans+le+rhone+alpes-133.html,FORD,Ford KUGA 2.5 Duratec 225 ch PHEV e-CVT Titanium,35 399 €,Essence/Électrique,49 km,19/10/2021
details-audi+a6+allroad+2+5l+v6+180cv+bleu+break+allroad+et+familiale+de+2005+a+loire+sur+rhone+pres+de+vienne+dans+le+rhone+alpes-266.html,AUDI,"AUDI A6 ALLROAD 2,5L V6 180Cv BLEU BREAK ALLROAD ET FAMILIALE de 2005",5 499 €,Diesel,149965 km,02/12/2005
details-peugeot+3008+hybrid+300+e-eat8+gt+a+loire+sur+rhone+pres+de+vienne+dans+le+rhone+alpes-154.html,PEUGEOT,Peugeot 3008 Hybrid 300 e-EAT8 GT,45 299 €,Essence/Électrique,45 km,04/02/2020
details-jeep+grand+cherokee+overland+3+0l+v6+crd+241cv+gris+suv+et+familiale+de+2011+a+loire+sur+rhone+pres+de+vienne+dans+le+rhone+alpes-271.html,JEEP,JEEP GRAND CHEROKEE OVERLAND 3.0L V6 CRD 241Cv GRIS SUV ET FAMILIALE de 2011,13 999 €,Diesel,188478 km,27/07/2011
details-nissan+qashqai+1+3+dig-t+140+tekna+a+loire+sur+rhone+pres+de+vienne+dans+le+rhone+alpes-148.html,NISSAN,Nissan QASHQAI 1.3 DIG-T 140 Tekna,29 699 €,Essence,27 km,26/02/2021
details-bmw+530d+f10+245cv+grise+berline+et+familiale+de+2011+a+loire+sur+rhone+pres+de+vienne+dans+le+rhone+alpes-253.html,BMW,BMW 530D F10 245Cv GRISE BERLINE Et FAMILIALE de 2011,19 399 €,Diesel,104430 km,11/04/2011
details-peugeot+5008+nouveau+bluehdi+130ch+s+s+eat8+allure+a+loire+sur+rhone+pres+de+vienne+dans+le+rhone+alpes-155.html,,Peugeot 5008 NOUVEAU BLUEHDI 130CH S&S EAT8 ALLURE,,,,
details-bmw+520d+f11+184cv+noir+break+et+familiale+de+2011+a+loire+sur+rhone+pres+de+vienne+dans+le+rhone+alpes-145.html,BMW,BMW 520D F11 184Cv NOIR BREAK Et FAMILIALE de 2011,12 999 €,Diesel,152057 km,11/01/2011
details-isuzu+d-max+1+9+4x4+space+cab+n60+b+b+at+a+loire+sur+rhone+pres+de+vienne+dans+le+rhone+alpes-136.html,ISUZU,Isuzu D-MAX 1.9 4X4 SPACE CAB N60 B.B AT,34 899 €,Diesel,10 km,
details-bmw+x1+e84+xline+20d+xdrive+184cv+bleu+suv+4x4+et+familiale+de+2012+a+loire+sur+rhone+pres+de+vienne+dans+le+rhone+alpes-251.html,BMW,"BMW X1 E84 XLINE 20D XDRIVE 184Cv BLEU SUV, 4X4 ET FAMILIALE de 2012",12 999 €,Diesel,166551 km,21/09/2012
details-peugeot+3008+nouveau+puretech+180ch+s+s+eat8+gt+pack+a+loire+sur+rhone+pres+de+vienne+dans+le+rhone+alpes-153.html,PEUGEOT,Peugeot 3008 NOUVEAU PURETECH 180CH S&S EAT8 GT PACK,40 299 €,Essence,2 km,30/09/2021
details-land+rover+range+rover+hse+sport+tdv6+245cv+blanc+4x4+et+familiale+de+2010+a+loire+sur+rhone+pres+de+vienne+dans+le+rhone+alpes-257.html,LAND ROVER,LAND ROVER RANGE ROVER HSE SPORT TDV6 245Cv BLANC 4X4 Et FAMILIALE de 2010,13 999 €,Diesel,191972 km,23/12/2010
details-opel+astra+1+2+turbo+130+ch+bvm6+elegance+business+a+loire+sur+rhone+pres+de+vienne+dans+le+rhone+alpes-151.html,OPEL,Opel Astra 1.2 Turbo 130 ch BVM6 Elegance Business,21 799 €,Essence,37 km,29/10/2021
details-bmw+320d+e91+163cv+grise+break+et+familiale+de+2007+a+loire+sur+rhone+pres+de+vienne+dans+le+rhone+alpes-255.html,BMW,BMW 320D E91 163Cv GRISE BREAK ET FAMILIALE de 2007,4 999 €,Diesel,159570 km,28/09/2007
details-peugeot+3008+nouveau+bluehdi+130ch+s+s+eat8+allure+pack+a+loire+sur+rhone+pres+de+vienne+dans+le+rhone+alpes-152.html,PEUGEOT,Peugeot 3008 NOUVEAU BLUEHDI 130CH S&S EAT8 ALLURE PACK,35 299 €,Diesel,2 km,25/10/2021
details-bmw+230i+f22+m+sport+252cv+noir+coupe+et+sportive+de+2017+a+loire+sur+rhone+pres+de+vienne+dans+le+rhone+alpes-241.html,BMW,BMW 230i F22 M SPORT 252Cv NOIR COUPÉ ET SPORTIVE de 2017,29 999 €,Essence,25069 km,21/04/2017
details-opel+astra+1+2+turbo+110+ch+bvm6+elegance+business+a+loire+sur+rhone+pres+de+vienne+dans+le+rhone+alpes-150.html,OPEL,Opel Astra 1.2 Turbo 110 ch BVM6 Elegance Business,20 799 €,Essence,19 km,29/10/2021
details-bmw+330xd+e90+pack+sport+231cv+grise+berline+et+sportive+de+2006+a+loire+sur+rhone+pres+de+vienne+dans+le+rhone+alpes-250.html,BMW,BMW 330XD E90 PACK SPORT 231CV GRISE BERLINE ET SPORTIVE de 2006,10 999 €,Diesel,104090 km,27/02/2006
details-nissan+qashqai+1+3+dig-t+140+tekna+a+loire+sur+rhone+pres+de+vienne+dans+le+rhone+alpes-149.html,NISSAN,Nissan QASHQAI 1.3 DIG-T 140 Tekna+,31 299 €,Essence,8 km,31/03/2021
details-volkswagen+golf+5+tdi+105cv+grise+berline+et+compacte+de+2007+a+loire+sur+rhone+pres+de+vienne+dans+le+rhone+alpes-243.html,VOLKSWAGEN,VOLKSWAGEN GOLF 5 TDI 105Cv GRISE BERLINE ET COMPACTE de 2007,4 499 €,Diesel,137634 km,26/01/2007
details-lexus+ux+my21+ux+250h+2wd+premium+edition+a+loire+sur+rhone+pres+de+vienne+dans+le+rhone+alpes-140.html,LEXUS,Lexus UX MY21 UX 250h 2WD Premium Edition,33 599 €,Essence/Électrique,10 km,
details-bmw+x6+e71+40d+xdrive+306cv+noir+suv+4x4+coupe+sportive+de+2011+a+loire+sur+rhone+pres+de+vienne+dans+le+rhone+alpes-242.html,BMW,"BMW X6 E71 40D XDRIVE 306Cv NOIR SUV, 4X4, COUPÉ, SPORTIVE de 2011",19 999 €,Diesel,195501 km,03/02/2011
details-isuzu+d-max+1+9+4x4+space+cab+n60+b+b+mt+a+loire+sur+rhone+pres+de+vienne+dans+le+rhone+alpes-137.html,ISUZU,Isuzu D-MAX 1.9 4X4 SPACE CAB N60 B.B MT,33 599 €,Diesel,10 km,
details-bmw+320i+e46+170cv+grise+berline+et+familiale+de+2001+a+loire+sur+rhone+pres+de+vienne+dans+le+rhone+alpes-239.html,BMW,BMW 320i E46 170Cv GRISE BERLINE ET FAMILIALE de 2001,6 299 €,Essence,120405 km,06/08/2001
details-jeep+renegade+my21+1+0+turbo+t3+120+ch+bvm6+limited+a+loire+sur+rhone+pres+de+vienne+dans+le+rhone+alpes-138.html,JEEP,Jeep Renegade MY21 1.0 TURBO T3 120 CH BVM6 LIMITED,27 399 €,Essence,5 km,05/11/2020
details-bmw+x3+e83+3+0d+204cv+gris+suv+et+familiale+de+2004+a+loire+sur+rhone+pres+de+vienne+dans+le+rhone+alpes-228.html,BMW,BMW X3 E83 3.0D 204Cv GRIS SUV ET FAMILIALE de 2004,7 999 €,Diesel,157643 km,07/05/2004
details-isuzu+d-max+1+9+4x4+space+cab+n60+ff+mt+a+loire+sur+rhone+pres+de+vienne+dans+le+rhone+alpes-135.html,ISUZU,Isuzu D-MAX 1.9 4X4 SPACE CAB N60 FF MT,37 399 €,Diesel,10 km,
details-volkswagen+golf+6+gti+210cv+blanche+berline+compacte+et+sportive+de+2009+a+loire+sur+rhone+pres+de+vienne+dans+le+rhone+alpes-209.html,VOLKSWAGEN,VOLKSWAGEN GOLF 6 GTI 210Cv BLANCHE BERLINE COMPACTE ET SPORTIVE de 2009,12 699 €,Essence,146865 km,28/09/2009
details-audi+q3+sportback+35+tdi+150+ch+s+tronic+7+design+a+loire+sur+rhone+pres+de+vienne+dans+le+rhone+alpes-124.html,AUDI,Audi Q3 Sportback 35 TDI 150 ch S tronic 7 Design,51 399 €,Diesel,27 km,17/11/2021
details-bmw+x5+e70+3+0sd+286cv+suv+et+4x4+de+2008+a+loire+sur+rhone+pres+de+vienne+dans+le+rhone+alpes-233.html,BMW,BMW X5 E70 3.0SD 286CV SUV ET 4x4 de 2008,14 299 €,Diesel,177953 km,20/06/2008
details-hyundai+ioniq+plug-in+141+ch+intuitive+a+loire+sur+rhone+pres+de+vienne+dans+le+rhone+alpes-134.html,HYUNDAI,Hyundai IONIQ Plug-in 141 ch Intuitive,28 399 €,Essence/Électrique,10 km,10/12/2020
details-audi+a6+3+2l+v6+quattro+255cv+bleu+berline+et+familiale+de+2005+a+loire+sur+rhone+pres+de+vienne+dans+le+rhone+alpes-232.html,AUDI,AUDI A6 3.2L V6 QUATTRO 255Cv BLEU BERLINE ET FAMILIALE de 2005,12 499 €,Essence,45328 km,29/08/2005
details-ds+ds7+crossback+hybride+e-tense+300+eat8+4x4+rivoli+a+loire+sur+rhone+pres+de+vienne+dans+le+rhone+alpes-132.html,DS,DS DS7 Crossback Hybride E-Tense 300 EAT8 4x4 Rivoli,57 399 €,Essence/Électrique,2 km,
details-audi+a6+2+7l+v6+quattro+180cv+gris+break+et+familiale+de+2007+a+loire+sur+rhone+pres+de+vienne+dans+le+rhone+alpes-218.html,AUDI,"AUDI A6 2,7L V6 QUATTRO 180Cv GRIS BREAK ET FAMILIALE de 2007",6 999 €,Diesel,187410 km,30/10/2007
details-cupra+ateca+2+0+tsi+300ch+dsg7+4drive+a+loire+sur+rhone+pres+de+vienne+dans+le+rhone+alpes-131.html,CUPRA,Cupra ATECA 2.0 TSI 300CH DSG7 4DRIVE,49 499 €,Essence,50 km,03/09/2021
details-bmw+230i+f22+252cv+bleu+coupe+et+sportive+de+2016+a+loire+sur+rhone+pres+de+vienne+dans+le+rhone+alpes-230.html,BMW,BMW 230i F22 252Cv BLEU COUPÉ ET SPORTIVE de 2016,20 999 €,Essence,117281 km,12/08/2016
details-citroen+c4+nouvelle+bluehdi+130+s+s+eat8+shine+a+loire+sur+rhone+pres+de+vienne+dans+le+rhone+alpes-130.html,CITROËN,Citroën C4 NOUVELLE BLUEHDI 130 S&S EAT8 SHINE,29 399 €,Diesel,2 km,28/10/2021
details-bmw+535d+xdrive+f11+pack+m+313cv+bleu+break+et+familiale+de+2012+a+loire+sur+rhone+pres+de+vienne+dans+le+rhone+alpes-229.html,BMW,BMW 535D XDRIVE F11 Pack M 313Cv BLEU BREAK ET FAMILIALE de 2012,19 999 €,Diesel,148098 km,01/01/2012
details-citroen+grand+c4+spacetourer+puretech+130+s+s+eat8+shine+a+loire+sur+rhone+pres+de+vienne+dans+le+rhone+alpes-129.html,CITROËN,Citroën Grand C4 Spacetourer PureTech 130 S&S EAT8 Shine,31 099 €,Essence,2 km,18/10/2021
details-citroen+ds4+1+6l+thp+sport+chic+200cv+berline+et+compact+de+2012+a+loire+sur+rhone+pres+de+vienne+dans+le+rhone+alpes-227.html,CITROËN,CITROËN DS4 1.6L THP SPORT CHIC 200CV BERLINE ET COMPACT de 2012,8 499 €,Essence,135106 km,30/06/2012
details-citroen+c3+nouvelle+bluehdi+100+s+s+bvm6+feel+pack+a+loire+sur+rhone+pres+de+vienne+dans+le+rhone+alpes-128.html,CITROËN,Citroën C3 NOUVELLE BLUEHDI 100 S&S BVM6 FEEL PACK,19 399 €,Diesel,25 km,24/09/2021
details-bmw+525i+e60+192cv+noir+berline+et+familiale+de+2004+a+loire+sur+rhone+pres+de+vienne+dans+le+rhone+alpes-224.html,BMW,BMW 525i E60 192Cv NOIR BERLINE ET FAMILIALE de 2004,11 999 €,Diesel,67521 km,09/11/2004
details-audi+q3+35+tdi+150+ch+s+tronic+7+quattro+s+line+a+loire+sur+rhone+pres+de+vienne+dans+le+rhone+alpes-126.html,AUDI,Audi Q3 35 TDI 150 ch S tronic 7 Quattro S line,52 399 €,Diesel,10 km,17/11/2021
details-bmw+x3+e83+3+0d+204cv+noir+suv+et+familiale+de+2005+a+loire+sur+rhone+pres+de+vienne+dans+le+rhone+alpes-223.html,BMW,BMW X3 E83 3.0D 204Cv NOIR SUV ET FAMILIALE de 2005,8 999 €,Diesel,114119 km,07/04/2005
details-mercedes-benz+classe+b+250+e+8g-dct+amg+line+edition+a+loire+sur+rhone+pres+de+vienne+dans+le+rhone+alpes-125.html,MERCEDES,Mercedes-Benz CLASSE B 250 e 8G-DCT AMG Line Edition,44 399 €,Essence/Électrique,2992 km,
details-bmw+218i+f22+pack+luxury+bleu+coupe+et+sportive+136cv+de+2016+a+loire+sur+rhone+pres+de+vienne+dans+le+rhone+alpes-221.html,BMW,BMW 218i F22 PACK LUXURY BLEU COUPÉ ET SPORTIVE 136Cv de 2016,16 999 €,Essence,142891 km,01/12/2016
details-citroen+c5+aircross+bluehdi+130+s+s+eat8+shine+a+loire+sur+rhone+pres+de+vienne+dans+le+rhone+alpes-127.html,CITROËN,Citroën C5 Aircross BlueHDi 130 S&S EAT8 Shine,31 399 €,Diesel,5 km,28/10/2021
details-bmw+320d+e92+coupe+lci+phase+ii+177cv+gris+coupe+et+sportive+de+2009+a+loire+sur+rhone+pres+de+vienne+dans+le+rhone+alpes-220.html,BMW,BMW 320D E92 Coupé LCI Phase II 177cv GRIS COUPÉ ET SPORTIVE de 2009,11 299 €,Diesel,102822 km,27/11/2009
details-bmw+320d+e92+coupe+177cv+bleu+coupe+et+sportive+de+2010+a+loire+sur+rhone+pres+de+vienne+dans+le+rhone+alpes-186.html,BMW,BMW 320D E92 Coupé 177Cv BLEU COUPÉ ET SPORTIVE de 2010,12 699 €,Diesel,129220 km,27/07/2010
details-bmw+535d+e61+pack+m+272cv+bleu+break+et+familiale+de+2005+a+loire+sur+rhone+pres+de+vienne+dans+le+rhone+alpes-219.html,BMW,BMW 535D E61 PACK M 272Cv BLEU BREAK ET FAMILIALE de 2005,8 999 €,Diesel,186639 km,31/05/2005
details-bmw+116d+f20+116cv+noir+berline+et+compact+de+2018+a+loire+sur+rhone+pres+de+vienne+dans+le+rhone+alpes-215.html,BMW,BMW 116D F20 116Cv NOIR BERLINE ET COMPACT de 2018,20 499 €,Diesel,53649 km,30/07/2018
details-bmw+116d+f20+sport+116cv+bleu+berline+et+compact+de+2018+a+loire+sur+rhone+pres+de+vienne+dans+le+rhone+alpes-214.html,BMW,BMW 116D F20 SPORT 116Cv BLEU BERLINE ET COMPACT de 2018,14 699 €,Diesel,145112 km,21/02/2018
details-bmw+116d+f20+business+design+116cv+bleu+berline+et+compact+de+2018+a+loire+sur+rhone+pres+de+vienne+dans+le+rhone+alpes-213.html,BMW,BMW 116D F20 BUSINESS DESIGN 116Cv BLEU BERLINE ET COMPACT de 2018,19 330 €,Diesel,38933 km,27/07/2018
details-bmw+520d+f11+184cv+noir+break+et+familiale+de+2012+a+loire+sur+rhone+pres+de+vienne+dans+le+rhone+alpes-183.html,BMW,BMW 520D F11 184Cv NOIR BREAK ET FAMILIALE de 2012,12 999 €,Diesel,164320 km,29/02/2012
details-bmw+316d+f31+116cv+grise+break+et+familiale+de+2017+a+loire+sur+rhone+pres+de+vienne+dans+le+rhone+alpes-212.html,BMW,BMW 316D F31 116Cv GRISE BREAK ET FAMILIALE de 2017,17 499 €,Diesel,112552 km,14/08/2017
details-bmw+325i+xdrive+e90+lci+phase+ii+218cv+grise+berline+et+sportive+de+2009+a+loire+sur+rhone+pres+de+vienne+dans+le+rhone+alpes-211.html,BMW,BMW 325I XDRIVE E90 LCI Phase II 218Cv GRISE BERLINE ET SPORTIVE de 2009,11 499 €,Essence,91082 km,30/01/2009
details-bmw+325i+e90+lci+phase+ii+218cv+grise+berline+et+familiale+de+2012+a+loire+sur+rhone+pres+de+vienne+dans+le+rhone+alpes-210.html,BMW,BMW 325I E90 LCI PHASE II 218Cv GRISE BERLINE ET FAMILIALE de 2012,13 499 €,Essence,92226 km,09/04/2010
details-audi+a3+sline+1+8l+tfsi+160cv+noir+berline+et+compact+de+2011+a+loire+sur+rhone+pres+de+vienne+dans+le+rhone+alpes-208.html,AUDI,AUDI A3 SLINE 1.8L TFSI 160Cv NOIR BERLINE ET COMPACT de 2011,8 999 €,Essence,146865 km,24/05/2011
details-audi+a4+2+0l+turbo+200cv+noir+berline+et+sportive+de+2005+a+loire+sur+rhone+pres+de+vienne+dans+le+rhone+alpes-207.html,AUDI,AUDI A4 2.0L Turbo 200Cv NOIR BERLINE ET SPORTIVE de 2005,9 199 €,Essence,94549 km,13/07/2005
details-bmw+120i+e87+150cv+grise+berline+et+compact+de+2005+a+loire+sur+rhone+pres+de+vienne+dans+le+rhone+alpes-206.html,BMW,BMW 120I E87 150Cv GRISE BERLINE ET COMPACT de 2005,8 999 €,Essence,85072 km,20/01/2005
details-bmw+335i+f30+luxury+306cv+grise+berline+et+sportive+de+2012+a+loire+sur+rhone+pres+de+vienne+dans+le+rhone+alpes-199.html,BMW,BMW 335i F30 LUXURY 306Cv GRISE BERLINE ET SPORTIVE de 2012,22 999 €,Essence,67972 km,10/08/2012
details-bmw+serie+5+activehybrid+340cv+bleu+berline+et+familiale+de+2012+a+loire+sur+rhone+pres+de+vienne+dans+le+rhone+alpes-198.html,BMW,BMW SERIE 5 ACTIVEHYBRID 340Cv BLEU BERLINE ET FAMILIALE de 2012,19 999 €,Essence/Hybrid,139697 km,11/05/2012
details-audi+a5+quattro+3+0l+v6+tdi+240cv+gris+coupe+et+sportive+de+2009+a+loire+sur+rhone+pres+de+vienne+dans+le+rhone+alpes-197.html,AUDI,AUDI A5 QUATTRO 3.0L V6 TDI 240Cv GRIS COUPÉ ET SPORTIVE de 2009,14 699 €,Diesel,94639 km,03/02/2009
details-bmw+320d+e92+coupe+lci+phase+ii+184cv+noir+coupe+et+sportive+de+2010+a+loire+sur+rhone+pres+de+vienne+dans+le+rhone+alpes-196.html,BMW,BMW 320D E92 Coupé LCI Phase II 184Cv NOIR COUPÉ ET SPORTIVE de 2010,13 499 €,Diesel,66623 km,15/04/2010
details-bmw+325xi+e90+218cv+grise+berline+et+sportive+de+2008+a+loire+sur+rhone+pres+de+vienne+dans+le+rhone+alpes-195.html,BMW,BMW 325Xi E90 218Cv GRISE BERLINE ET SPORTIVE de 2008,11 499 €,Essence,98757 km,07/04/2008
details-mercedes+slk+280+v6+231cv+grise+cabriolet+et+sportive+de+2007+a+loire+sur+rhone+pres+de+vienne+dans+le+rhone+alpes-181.html,MERCEDES,MERCEDES SLK 280 V6 231Cv GRISE CABRIOLET Et SPORTIVE de 2007,13 499 €,Essence,128035 km,25/07/2007
details-audi+a5+2+0l+tfsi+180cv+noir+coupe+et+sportive+de+2009+a+loire+sur+rhone+pres+de+vienne+dans+le+rhone+alpes-193.html,AUDI,AUDI A5 2.0L TFSI 180Cv NOIR COUPÉ ET SPORTIVE de 2009,12 499 €,Essence,124389 km,09/10/2009
details-bmw+320d+e91+163cv+grise+break+et+familiale+de+2006+a+loire+sur+rhone+pres+de+vienne+dans+le+rhone+alpes-192.html,BMW,BMW 320D E91 163Cv GRISE BREAK ET FAMILIALE de 2006,6 699 €,Diesel,189658 km,29/09/2006
details-bmw+530d+f10+245cv+bleu+berline+et+familiale+de+2010+a+loire+sur+rhone+pres+de+vienne+dans+le+rhone+alpes-190.html,BMW,BMW 530D F10 245Cv BLEU BERLINE ET FAMILIALE de 2010,14 499 €,Diesel,154840 km,31/05/2010
details-bmw+x5+e70+3+0d+xdrive+235cv+noir+suv+et+4x4+de+2009+a+loire+sur+rhone+pres+de+vienne+dans+le+rhone+alpes-189.html,BMW,BMW X5 E70 3.0D XDRIVE 235Cv NOIR SUV ET 4X4 de 2009,14 499 €,Diesel,193281 km,08/01/2009
details-bmw+320d+e93+cabriolet+lci+phase+ii+184cv+bleu+cabriolet+et+sportive+de+2011+a+loire+sur+rhone+pres+de+vienne+dans+le+rhone+alpes-188.html,BMW,BMW 320D E93 Cabriolet LCI Phase II 184Cv BLEU CABRIOLET ET SPORTIVE de 2011,12 499 €,Diesel,188010 km,18/01/2011
details-bmw+320d+e92+coupe+lci+phase+ii+184cv+bleu+coupe+et+sportive+de+2010+a+loire+sur+rhone+pres+de+vienne+dans+le+rhone+alpes-185.html,BMW,BMW 320D E92 Coupé LCI Phase II 184Cv BLEU COUPÉ ET SPORTIVE de 2010,12 199 €,Diesel,98763 km,27/07/2010
details-bmw+x1+sdrive+18d+e84+136cv+gris+suv+et+compact+de+2013+a+loire+sur+rhone+pres+de+vienne+dans+le+rhone+alpes-184.html,BMW,BMW X1 SDRIVE 18D E84 136Cv GRIS SUV Et COMPACT de 2013,14 499 €,Diesel,86423 km,29/04/2013
details-bmw+650i+f13+v8+bi+turbo+grise+coupe+et+sportive+407cv+de+2011+a+loire+sur+rhone+pres+de+vienne+dans+le+rhone+alpes-182.html,BMW,BMW 650i F13 V8 Bi Turbo GRISE COUPÉ ET SPORTIVE 407Cv de 2011,25 999 €,Essence,101075 km,20/10/2011
details-bmw+320d+e92+grise+coupe+et+sportive+177cv+de+2008+a+loire+sur+rhone+pres+de+vienne+dans+le+rhone+alpes-115.html,BMW,BMW 320D E92 GRISE COUPÉ ET SPORTIVE 177Cv de 2008,12 099 €,Diesel,93054 km,29/02/2008
details-bmw+x3+e83+3+0i+231cv+noir+4x4+et+suv+de+2004+a+loire+sur+rhone+pres+de+vienne+dans+le+rhone+alpes-180.html,BMW,BMW X3 E83 3.0i 231Cv NOIR 4X4 Et SUV de 2004,8 999 €,Essence,127261 km,25/02/2004
details-bmw+120d+e82+coupe+pack+m+177cv+sport+de+2009+a+loire+sur+rhone+pres+de+vienne+dans+le+rhone+alpes-179.html,BMW,BMW 120D E82 Coupé Pack M 177Cv SPORT de 2009,9 299 €,Diesel,154244 km,24/03/2009
details-audi+a4+2+0l+tfsi+200cv+noir+berline+et+familiale+de+2005+a+loire+sur+rhone+pres+de+vienne+dans+le+rhone+alpes-178.html,AUDI,AUDI A4 2.0L TFSI 200Cv NOIR BERLINE Et FAMILIALE de 2005,8 499 €,Essence,151647 km,07/10/2005
details-audi+a3+atraction+quattro+1+8l+tfsi+160cv+grise+berline+et+compact+de+2010+a+loire+sur+rhone+pres+de+vienne+dans+le+rhone+alpes-177.html,AUDI,AUDI A3 ATRACTION QUATTRO 1.8L TFSI 160Cv GRISE BERLINE Et COMPACT de 2010,10 199 €,Essence,96229 km,28/09/2010
details-bmw+525d+xdrive+f11+218cv+noir+break+et+familiale+de+2016+a+loire+sur+rhone+pres+de+vienne+dans+le+rhone+alpes-146.html,BMW,BMW 525D XDRIVE F11 218Cv NOIR BREAK Et FAMILIALE de 2016,18 999 €,Diesel,78887 km,30/08/2016
details-audi+tt+1+8l+tfsi+160cv+noir+coupe+et+sportive+de+2010+a+loire+sur+rhone+pres+de+vienne+dans+le+rhone+alpes-144.html,AUDI,"AUDI TT 1,8L TFSI 160Cv NOIR COUPE Et SPORTIVE de 2010",12 999 €,Essence,99058 km,19/03/2010
details-bmw+325i+xdrive+e90+lci+phase2+218cv+grise+berline+et+familiale+de+2009+a+loire+sur+rhone+pres+de+vienne+dans+le+rhone+alpes-141.html,BMW,BMW 325I XDRIVE E90 LCI PHASE2 218Cv Grise BERLINE Et FAMILIALE de 2009,14 999 €,Essence,55075 km,15/05/2009
details-bmw+330i+e90+lci+phase2+272cv+noir+berline+de+2008+a+loire+sur+rhone+pres+de+vienne+dans+le+rhone+alpes-123.html,BMW,BMW 330I E90 LCI PHASE2 272Cv NOIR BERLINE de 2008,14 499 €,Essence,119565 km,27/10/2008
details-mini+cooper+s+countryman+all4+184cv+blanche+berline+crossovers+et+suv+de+2011+a+loire+sur+rhone+pres+de+vienne+dans+le+rhone+alpes-122.html,MINI,MINI COOPER S COUNTRYMAN ALL4 184Cv BLANCHE BERLINE CROSSOVERS ET SUV de 2011,10 999 €,Essence,114972 km,31/08/2011
details-bmw+520d+f10+berline+184cv+de+2011+grise+et+familiale+de+2011+a+loire+sur+rhone+pres+de+vienne+dans+le+rhone+alpes-118.html,BMW,BMW 520D F10 Berline 184CV de 2011 GRISE et FAMILIALE de 2011,12 999 €,Diesel,169442 km,30/06/2011
details-bmw+530xd+e60+noir+berline+familiale+231cv+de+2006+a+loire+sur+rhone+pres+de+vienne+dans+le+rhone+alpes-116.html,BMW,BMW 530XD E60 NOIR BERLINE FAMILIALE 231Cv de 2006,8 299 €,Diesel,181469 km,28/09/2006
details-bmw+x5+e53+3+0d+noir+4x4+et+suv+familiale+218cv+de+2005+a+loire+sur+rhone+pres+de+vienne+dans+le+rhone+alpes-114.html,BMW,BMW X5 E53 3.0D NOIR 4X4 Et SUV FAMILIALE 218Cv de 2005,7 999 €,Diesel,182321 km,30/11/2005
details-bmw+x3+e83+3+0sd+gris+4x4+et+suv+286cv+de+2007+a+loire+sur+rhone+pres+de+vienne+dans+le+rhone+alpes-112.html,BMW,BMW X3 E83 3.0SD GRIS 4X4 Et SUV 286Cv de 2007,9 299 €,Diesel,189898 km,30/05/2007
details-bmw+320d+f31+blanche+break+et+familiale+184cv+de+2014+a+loire+sur+rhone+69+pres+de+vienne+38+dans+le+rhone+alpes-89.html,BMW,BMW 320D F31 BLANCHE BREAK Et FAMILIALE 184Cv de 2014,11 999 €,Diesel,154672 km,02/01/2014
details-audi+a5+sline+quattro+3+0l+v6+tdi+grise+coupe+sport+240cv+de+2008+a+loire+sur+rhone+69+pres+de+vienne+38+dans+le+rhone+alpes-102.html,AUDI,AUDI A5 SLINE QUATTRO 3.0L V6 TDI GRISE COUPE SPORT 240Cv de 2008,11 499 €,Diesel,138942 km,09/04/2008
details-bmw+x3+f25+xdrive+20d+184cv+gris+suv+4x4+et+familiale+de+2011+a+loire+sur+rhone+69+pres+de+vienne+38+dans+le+rhone+alpes-104.html,BMW,BMW X3 F25 XDRIVE 20D 184Cv GRIS SUV 4X4 Et FAMILIALE de 2011,13 999 €,Diesel,169608 km,28/09/2011
details-bmw+520d+xdrive+f11+luxury+190cv+grise+break+et+familiale+de+2014+a+loire+sur+rhone+69+pres+de+vienne+38+dans+le+rhone+alpes-98.html,BMW,BMW 520D XDRIVE F11 LUXURY 190Cv GRISE BREAK Et FAMILIALE de 2014,14 999 €,Diesel,161025 km,30/09/2014
details-bmw+520d+f11+190cv+grise+break+et+familiale+de+2016+a+loire+sur+rhone+69+pres+de+vienne+38+dans+le+rhone+alpes-105.html,BMW,BMW 520D F11 190Cv GRISE BREAK Et FAMILIALE de 2016,15 699 €,Diesel,169326 km,30/05/2016
details-audi+a6+sline+quattro+3+0l+v6+break+touring+et+familiale+233cv+de+2009+a+chuzelles+pres+de+vienne+dans+le+rhone+alpes-101.html,AUDI,AUDI A6 SLINE QUATTRO 3.0L V6 BREAK TOURING Et FAMILIALE 233Cv de 2009,10 999 €,Diesel,159559 km,29/04/2009
details-bmw+118d+e87+lci+phase+2+143cv+noir+berline+compact+de+2007+a+chuzelles+pres+de+vienne+dans+le+rhone+alpes-97.html,BMW,BMW 118D E87 LCI Phase 2 143Cv NOIR Berline Compact de 2007,7 999 €,Diesel,97949 km,17/12/2007
details-mercedes+clk+320+cdi+avantgarde+224cv+bleu+coupe+de+2007+a+chuzelles+pres+de+vienne+dans+le+rhone+alpes-86.html,MERCEDES,MERCEDES CLK 320 CDI AVANTGARDE 224CV BLEU COUPE de 2007,9 999 €,Diesel,80639 km,07/12/2007
details-audi+a4+3+0l+v6+tdi+quattro+grise+break+et+familiale+240cv+de+2011+a+chuzelles+pres+de+vienne+dans+le+rhone+alpes-79.html,AUDI,AUDI A4 3.0L V6 TDI QUATTRO GRISE BREAK Et FAMILIALE 240Cv de 2011,12 499 €,Diesel,113606 km,15/11/2011
details-audi+a4+limousine+business+line+noir+berline+et+familiale+190cv+de+2017+a+chuzelles+pres+de+vienne+dans+le+rhone+alpes-72.html,AUDI,AUDI A4 LIMOUSINE BUSINESS LINE Noir BERLINE et FAMILIALE 190Cv de 2017,19 299 €,Diesel,66311 km,25/01/2017
